X,u
0,0
0.001,0
0.002,-9.9005e-05
0.003,-0.00029603
0.004,-0.000590099
0.005,-0.000980248
0.006,-0.00146552
0.007,-0.00204497
0.008,-0.00271765
0.009,-0.00348265
0.01,-0.00433904
0.011,-0.00528592
0.012,-0.00632238
0.013,-0.00744753
0.014,-0.00866049
0.015,-0.00996039
0.016,-0.0113464
0.017,-0.0128175
0.018,-0.0143731
0.019,-0.0160122
0.02,-0.0177339
0.021,-0.0195376
0.022,-0.0214223
0.023,-0.0233872
0.024,-0.0254316
0.025,-0.0275547
0.026,-0.0297557
0.027,-0.0320337
0.028,-0.0343881
0.029,-0.0368181
0.03,-0.0393229
0.031,-0.0419018
0.032,-0.044554
0.033,-0.0472788
0.034,-0.0500756
0.035,-0.0529435
0.036,-0.0558819
0.037,-0.05889
0.038,-0.0619672
0.039,-0.0651128
0.04,-0.0683261
0.041,-0.0716065
0.042,-0.0749532
0.043,-0.0783656
0.044,-0.0818431
0.045,-0.0853849
0.046,-0.0889906
0.047,-0.0926593
0.048,-0.0963906
0.049,-0.100184
0.05,-0.104038
0.051,-0.107953
0.052,-0.111928
0.053,-0.115963
0.054,-0.120056
0.055,-0.124208
0.056,-0.128417
0.057,-0.132684
0.058,-0.137007
0.059,-0.141386
0.06,-0.14582
0.061,-0.15031
0.062,-0.154853
0.063,-0.159451
0.064,-0.164102
0.065,-0.168805
0.066,-0.173561
0.067,-0.178368
0.068,-0.183227
0.069,-0.188136
0.07,-0.193095
0.071,-0.198104
0.072,-0.203163
0.073,-0.208269
0.074,-0.213424
0.075,-0.218627
0.076,-0.223877
0.077,-0.229174
0.078,-0.234517
0.079,-0.239906
0.08,-0.24534
0.081,-0.250819
0.082,-0.256343
0.083,-0.261911
0.084,-0.267522
0.085,-0.273177
0.086,-0.278874
0.087,-0.284614
0.088,-0.290395
0.089,-0.296218
0.09,-0.302082
0.091,-0.307987
0.092,-0.313932
0.093,-0.319917
0.094,-0.325941
0.095,-0.332004
0.096,-0.338106
0.097,-0.344246
0.098,-0.350425
0.099,-0.35664
0.1,-0.362893
0.101,-0.369183
0.102,-0.375509
0.103,-0.381871
0.104,-0.388269
0.105,-0.394702
0.106,-0.40117
0.107,-0.407673
0.108,-0.41421
0.109,-0.420781
0.11,-0.427386
0.111,-0.434024
0.112,-0.440695
0.113,-0.447398
0.114,-0.454134
0.115,-0.460902
0.116,-0.467702
0.117,-0.474532
0.118,-0.481394
0.119,-0.488287
0.12,-0.49521
0.121,-0.502163
0.122,-0.509146
0.123,-0.516159
0.124,-0.523201
0.125,-0.530271
0.126,-0.537371
0.127,-0.544498
0.128,-0.551654
0.129,-0.558838
0.13,-0.566049
0.131,-0.573287
0.132,-0.580552
0.133,-0.587845
0.134,-0.595163
0.135,-0.602508
0.136,-0.609878
0.137,-0.617275
0.138,-0.624696
0.139,-0.632143
0.14,-0.639615
0.141,-0.647111
0.142,-0.654632
0.143,-0.662177
0.144,-0.669746
0.145,-0.677339
0.146,-0.684955
0.147,-0.692594
0.148,-0.700257
0.149,-0.707942
0.15,-0.715649
0.151,-0.723379
0.152,-0.731131
0.153,-0.738905
0.154,-0.746701
0.155,-0.754518
0.156,-0.762356
0.157,-0.770215
0.158,-0.778095
0.159,-0.785996
0.16,-0.793917
0.161,-0.801858
0.162,-0.809819
0.163,-0.8178
0.164,-0.825801
0.165,-0.83382
0.166,-0.84186
0.167,-0.849918
0.168,-0.857995
0.169,-0.86609
0.17,-0.874205
0.171,-0.882337
0.172,-0.890487
0.173,-0.898656
0.174,-0.906842
0.175,-0.915046
0.176,-0.923267
0.177,-0.931505
0.178,-0.93976
0.179,-0.948032
0.18,-0.956321
0.181,-0.964626
0.182,-0.972948
0.183,-0.981286
0.184,-0.98964
0.185,-0.99801
0.186,-1.0064
0.187,-1.0148
0.188,-1.02321
0.189,-1.03164
0.19,-1.04009
0.191,-1.04855
0.192,-1.05703
0.193,-1.06552
0.194,-1.07403
0.195,-1.08255
0.196,-1.09108
0.197,-1.09963
0.198,-1.10819
0.199,-1.11677
0.2,-1.12536
0.201,-1.13396
0.202,-1.14258
0.203,-1.15121
0.204,-1.15985
0.205,-1.16851
0.206,-1.17718
0.207,-1.18586
0.208,-1.19455
0.209,-1.20326
0.21,-1.21198
0.211,-1.22071
0.212,-1.22946
0.213,-1.23821
0.214,-1.24698
0.215,-1.25576
0.216,-1.26455
0.217,-1.27335
0.218,-1.28217
0.219,-1.29099
0.22,-1.29983
0.221,-1.30868
0.222,-1.31754
0.223,-1.3264
0.224,-1.33528
0.225,-1.34418
0.226,-1.35308
0.227,-1.36199
0.228,-1.37091
0.229,-1.37984
0.23,-1.38879
0.231,-1.39774
0.232,-1.4067
0.233,-1.41567
0.234,-1.42465
0.235,-1.43365
0.236,-1.44265
0.237,-1.45166
0.238,-1.46068
0.239,-1.46971
0.24,-1.47875
0.241,-1.48779
0.242,-1.49685
0.243,-1.50591
0.244,-1.51499
0.245,-1.52407
0.246,-1.53316
0.247,-1.54226
0.248,-1.55137
0.249,-1.56049
0.25,-1.56961
0.251,-1.57875
0.252,-1.58789
0.253,-1.59704
0.254,-1.6062
0.255,-1.61536
0.256,-1.62453
0.257,-1.63371
0.258,-1.6429
0.259,-1.6521
0.26,-1.6613
0.261,-1.67051
0.262,-1.67973
0.263,-1.68896
0.264,-1.69819
0.265,-1.70743
0.266,-1.71668
0.267,-1.72593
0.268,-1.73519
0.269,-1.74446
0.27,-1.75374
0.271,-1.76302
0.272,-1.77231
0.273,-1.7816
0.274,-1.7909
0.275,-1.80021
0.276,-1.80952
0.277,-1.81884
0.278,-1.82817
0.279,-1.8375
0.28,-1.84684
0.281,-1.85619
0.282,-1.86554
0.283,-1.87489
0.284,-1.88426
0.285,-1.89363
0.286,-1.903
0.287,-1.91238
0.288,-1.92177
0.289,-1.93116
0.29,-1.94056
0.291,-1.94996
0.292,-1.95937
0.293,-1.96878
0.294,-1.9782
0.295,-1.98762
0.296,-1.99705
0.297,-2.00649
0.298,-2.01593
0.299,-2.02537
0.3,-2.03482
0.301,-2.04427
0.302,-2.05373
0.303,-2.0632
0.304,-2.07267
0.305,-2.08214
0.306,-2.09162
0.307,-2.1011
0.308,-2.11059
0.309,-2.12009
0.31,-2.12958
0.311,-2.13909
0.312,-2.14859
0.313,-2.1581
0.314,-2.16762
0.315,-2.17714
0.316,-2.18666
0.317,-2.19619
0.318,-2.20572
0.319,-2.21526
0.32,-2.2248
0.321,-2.23434
0.322,-2.24389
0.323,-2.25344
0.324,-2.263
0.325,-2.27256
0.326,-2.28212
0.327,-2.29169
0.328,-2.30126
0.329,-2.31084
0.33,-2.32042
0.331,-2.33
0.332,-2.33959
0.333,-2.34918
0.334,-2.35877
0.335,-2.36837
0.336,-2.37797
0.337,-2.38758
0.338,-2.39718
0.339,-2.4068
0.34,-2.41641
0.341,-2.42603
0.342,-2.43565
0.343,-2.44527
0.344,-2.4549
0.345,-2.46453
0.346,-2.47417
0.347,-2.4838
0.348,-2.49344
0.349,-2.50309
0.35,-2.51273
0.351,-2.52238
0.352,-2.53204
0.353,-2.54169
0.354,-2.55135
0.355,-2.56101
0.356,-2.57068
0.357,-2.58034
0.358,-2.59001
0.359,-2.59969
0.36,-2.60936
0.361,-2.61904
0.362,-2.62872
0.363,-2.6384
0.364,-2.64809
0.365,-2.65778
0.366,-2.66747
0.367,-2.67717
0.368,-2.68686
0.369,-2.69656
0.37,-2.70626
0.371,-2.71597
0.372,-2.72567
0.373,-2.73538
0.374,-2.74509
0.375,-2.75481
0.376,-2.76452
0.377,-2.77424
0.378,-2.78396
0.379,-2.79369
0.38,-2.80341
0.381,-2.81314
0.382,-2.82287
0.383,-2.8326
0.384,-2.84233
0.385,-2.85207
0.386,-2.86181
0.387,-2.87155
0.388,-2.88129
0.389,-2.89104
0.39,-2.90078
0.391,-2.91053
0.392,-2.92028
0.393,-2.93003
0.394,-2.93979
0.395,-2.94955
0.396,-2.9593
0.397,-2.96907
0.398,-2.97883
0.399,-2.98859
0.4,-2.99836
0.401,-3.00813
0.402,-3.01789
0.403,-3.02767
0.404,-3.03744
0.405,-3.04721
0.406,-3.05699
0.407,-3.06677
0.408,-3.07655
0.409,-3.08633
0.41,-3.09612
0.411,-3.1059
0.412,-3.11569
0.413,-3.12548
0.414,-3.13527
0.415,-3.14506
0.416,-3.15485
0.417,-3.16465
0.418,-3.17444
0.419,-3.18424
0.42,-3.19404
0.421,-3.20384
0.422,-3.21364
0.423,-3.22345
0.424,-3.23325
0.425,-3.24306
0.426,-3.25287
0.427,-3.26268
0.428,-3.27249
0.429,-3.2823
0.43,-3.29211
0.431,-3.30193
0.432,-3.31174
0.433,-3.32156
0.434,-3.33138
0.435,-3.3412
0.436,-3.35102
0.437,-3.36085
0.438,-3.37067
0.439,-3.3805
0.44,-3.39032
0.441,-3.40015
0.442,-3.40998
0.443,-3.41981
0.444,-3.42964
0.445,-3.43947
0.446,-3.44931
0.447,-3.45914
0.448,-3.46898
0.449,-3.47882
0.45,-3.48866
0.451,-3.49849
0.452,-3.50834
0.453,-3.51818
0.454,-3.52802
0.455,-3.53786
0.456,-3.54771
0.457,-3.55755
0.458,-3.5674
0.459,-3.57725
0.46,-3.5871
0.461,-3.59695
0.462,-3.6068
0.463,-3.61665
0.464,-3.62651
0.465,-3.63636
0.466,-3.64621
0.467,-3.65607
0.468,-3.66593
0.469,-3.67578
0.47,-3.68564
0.471,-3.6955
0.472,-3.70536
0.473,-3.71522
0.474,-3.72509
0.475,-3.73495
0.476,-3.74481
0.477,-3.75468
0.478,-3.76454
0.479,-3.77441
0.48,-3.78428
0.481,-3.79415
0.482,-3.80402
0.483,-3.81389
0.484,-3.82376
0.485,-3.83363
0.486,-3.8435
0.487,-3.85337
0.488,-3.86325
0.489,-3.87312
0.49,-3.883
0.491,-3.89287
0.492,-3.90275
0.493,-3.91263
0.494,-3.9225
0.495,-3.93238
0.496,-3.94226
0.497,-3.95214
0.498,-3.96202
0.499,-3.97191
0.5,-3.98179
0.501,-3.99167
0.502,-4.00156
0.503,-4.01144
0.504,-4.02132
0.505,-4.03121
0.506,-4.0411
0.507,-4.05098
0.508,-4.06087
0.509,-4.07076
0.51,-4.08065
0.511,-4.09054
0.512,-4.10043
0.513,-4.11032
0.514,-4.12021
0.515,-4.1301
0.516,-4.13999
0.517,-4.14989
0.518,-4.15978
0.519,-4.16967
0.52,-4.17957
0.521,-4.18946
0.522,-4.19936
0.523,-4.20926
0.524,-4.21915
0.525,-4.22905
0.526,-4.23895
0.527,-4.24885
0.528,-4.25875
0.529,-4.26864
0.53,-4.27854
0.531,-4.28844
0.532,-4.29835
0.533,-4.30825
0.534,-4.31815
0.535,-4.32805
0.536,-4.33795
0.537,-4.34786
0.538,-4.35776
0.539,-4.36767
0.54,-4.37757
0.541,-4.38748
0.542,-4.39738
0.543,-4.40729
0.544,-4.41719
0.545,-4.4271
0.546,-4.43701
0.547,-4.44692
0.548,-4.45682
0.549,-4.46673
0.55,-4.47664
0.551,-4.48655
0.552,-4.49646
0.553,-4.50637
0.554,-4.51628
0.555,-4.52619
0.556,-4.5361
0.557,-4.54602
0.558,-4.55593
0.559,-4.56584
0.56,-4.57575
0.561,-4.58567
0.562,-4.59558
0.563,-4.60549
0.564,-4.61541
0.565,-4.62532
0.566,-4.63524
0.567,-4.64515
0.568,-4.65507
0.569,-4.66499
0.57,-4.6749
0.571,-4.68482
0.572,-4.69474
0.573,-4.70465
0.574,-4.71457
0.575,-4.72449
0.576,-4.73441
0.577,-4.74433
0.578,-4.75425
0.579,-4.76417
0.58,-4.77408
0.581,-4.784
0.582,-4.79392
0.583,-4.80385
0.584,-4.81377
0.585,-4.82369
0.586,-4.83361
0.587,-4.84353
0.588,-4.85345
0.589,-4.86337
0.59,-4.8733
0.591,-4.88322
0.592,-4.89314
0.593,-4.90307
0.594,-4.91299
0.595,-4.92291
0.596,-4.93284
0.597,-4.94276
0.598,-4.95269
0.599,-4.96261
0.6,-4.97254
0.601,-4.98246
0.602,-4.99239
0.603,-5.00231
0.604,-5.01224
0.605,-5.02217
0.606,-5.03209
0.607,-5.04202
0.608,-5.05195
0.609,-5.06188
0.61,-5.0718
0.611,-5.08173
0.612,-5.09166
0.613,-5.10159
0.614,-5.11151
0.615,-5.12144
0.616,-5.13137
0.617,-5.1413
0.618,-5.15123
0.619,-5.16116
0.62,-5.17109
0.621,-5.18102
0.622,-5.19095
0.623,-5.20088
0.624,-5.21081
0.625,-5.22074
0.626,-5.23067
0.627,-5.2406
0.628,-5.25053
0.629,-5.26047
0.63,-5.2704
0.631,-5.28033
0.632,-5.29026
0.633,-5.30019
0.634,-5.31013
0.635,-5.32006
0.636,-5.32999
0.637,-5.33992
0.638,-5.34986
0.639,-5.35979
0.64,-5.36972
0.641,-5.37966
0.642,-5.38959
0.643,-5.39952
0.644,-5.40946
0.645,-5.41939
0.646,-5.42933
0.647,-5.43926
0.648,-5.4492
0.649,-5.45913
0.65,-5.46907
0.651,-5.479
0.652,-5.48894
0.653,-5.49887
0.654,-5.50881
0.655,-5.51874
0.656,-5.52868
0.657,-5.53862
0.658,-5.54855
0.659,-5.55849
0.66,-5.56842
0.661,-5.57836
0.662,-5.5883
0.663,-5.59823
0.664,-5.60817
0.665,-5.61811
0.666,-5.62805
0.667,-5.63798
0.668,-5.64792
0.669,-5.65786
0.67,-5.6678
0.671,-5.67773
0.672,-5.68767
0.673,-5.69761
0.674,-5.70755
0.675,-5.71749
0.676,-5.72742
0.677,-5.73736
0.678,-5.7473
0.679,-5.75724
0.68,-5.76718
0.681,-5.77712
0.682,-5.78706
0.683,-5.797
0.684,-5.80694
0.685,-5.81688
0.686,-5.82682
0.687,-5.83675
0.688,-5.84669
0.689,-5.85663
0.69,-5.86657
0.691,-5.87651
0.692,-5.88645
0.693,-5.89639
0.694,-5.90634
0.695,-5.91628
0.696,-5.92622
0.697,-5.93616
0.698,-5.9461
0.699,-5.95604
0.7,-5.96598
0.701,-5.97592
0.702,-5.98586
0.703,-5.9958
0.704,-6.00574
0.705,-6.01569
0.706,-6.02563
0.707,-6.03557
0.708,-6.04551
0.709,-6.05545
0.71,-6.06539
0.711,-6.07534
0.712,-6.08528
0.713,-6.09522
0.714,-6.10516
0.715,-6.1151
0.716,-6.12505
0.717,-6.13499
0.718,-6.14493
0.719,-6.15487
0.72,-6.16482
0.721,-6.17476
0.722,-6.1847
0.723,-6.19464
0.724,-6.20459
0.725,-6.21453
0.726,-6.22447
0.727,-6.23442
0.728,-6.24436
0.729,-6.2543
0.73,-6.26425
0.731,-6.27419
0.732,-6.28413
0.733,-6.29408
0.734,-6.30402
0.735,-6.31396
0.736,-6.32391
0.737,-6.33385
0.738,-6.34379
0.739,-6.35374
0.74,-6.36368
0.741,-6.37363
0.742,-6.38357
0.743,-6.39351
0.744,-6.40346
0.745,-6.4134
0.746,-6.42335
0.747,-6.43329
0.748,-6.44324
0.749,-6.45318
0.75,-6.46312
0.751,-6.47307
0.752,-6.48301
0.753,-6.49296
0.754,-6.5029
0.755,-6.51285
0.756,-6.52279
0.757,-6.53274
0.758,-6.54268
0.759,-6.55263
0.76,-6.56257
0.761,-6.57252
0.762,-6.58246
0.763,-6.59241
0.764,-6.60235
0.765,-6.6123
0.766,-6.62224
0.767,-6.63219
0.768,-6.64214
0.769,-6.65208
0.77,-6.66203
0.771,-6.67197
0.772,-6.68192
0.773,-6.69186
0.774,-6.70181
0.775,-6.71175
0.776,-6.7217
0.777,-6.73165
0.778,-6.74159
0.779,-6.75154
0.78,-6.76148
0.781,-6.77143
0.782,-6.78138
0.783,-6.79132
0.784,-6.80127
0.785,-6.81121
0.786,-6.82116
0.787,-6.83111
0.788,-6.84105
0.789,-6.851
0.79,-6.86095
0.791,-6.87089
0.792,-6.88084
0.793,-6.89078
0.794,-6.90073
0.795,-6.91068
0.796,-6.92062
0.797,-6.93057
0.798,-6.94052
0.799,-6.95046
0.8,-6.96041
0.801,-6.97036
0.802,-6.9803
0.803,-6.99025
0.804,-7.0002
0.805,-7.01015
0.806,-7.02009
0.807,-7.03004
0.808,-7.03999
0.809,-7.04993
0.81,-7.05988
0.811,-7.06983
0.812,-7.07977
0.813,-7.08972
0.814,-7.09967
0.815,-7.10962
0.816,-7.11956
0.817,-7.12951
0.818,-7.13946
0.819,-7.1494
0.82,-7.15935
0.821,-7.1693
0.822,-7.17925
0.823,-7.18919
0.824,-7.19914
0.825,-7.20909
0.826,-7.21904
0.827,-7.22898
0.828,-7.23893
0.829,-7.24888
0.83,-7.25883
0.831,-7.26877
0.832,-7.27872
0.833,-7.28867
0.834,-7.29862
0.835,-7.30857
0.836,-7.31851
0.837,-7.32846
0.838,-7.33841
0.839,-7.34836
0.84,-7.3583
0.841,-7.36825
0.842,-7.3782
0.843,-7.38815
0.844,-7.3981
0.845,-7.40804
0.846,-7.41799
0.847,-7.42794
0.848,-7.43789
0.849,-7.44784
0.85,-7.45778
0.851,-7.46773
0.852,-7.47768
0.853,-7.48763
0.854,-7.49758
0.855,-7.50752
0.856,-7.51747
0.857,-7.52742
0.858,-7.53737
0.859,-7.54732
0.86,-7.55726
0.861,-7.56721
0.862,-7.57716
0.863,-7.58711
0.864,-7.59706
0.865,-7.60701
0.866,-7.61695
0.867,-7.6269
0.868,-7.63685
0.869,-7.6468
0.87,-7.65675
0.871,-7.6667
0.872,-7.67665
0.873,-7.68659
0.874,-7.69654
0.875,-7.70649
0.876,-7.71644
0.877,-7.72639
0.878,-7.73634
0.879,-7.74628
0.88,-7.75623
0.881,-7.76618
0.882,-7.77613
0.883,-7.78608
0.884,-7.79603
0.885,-7.80598
0.886,-7.81592
0.887,-7.82587
0.888,-7.83582
0.889,-7.84577
0.89,-7.85572
0.891,-7.86567
0.892,-7.87562
0.893,-7.88557
0.894,-7.89551
0.895,-7.90546
0.896,-7.91541
0.897,-7.92536
0.898,-7.93531
0.899,-7.94526
0.9,-7.95521
0.901,-7.96516
0.902,-7.97511
0.903,-7.98505
0.904,-7.995
0.905,-8.00495
0.906,-8.0149
0.907,-8.02485
0.908,-8.0348
0.909,-8.04475
0.91,-8.0547
0.911,-8.06465
0.912,-8.07459
0.913,-8.08454
0.914,-8.09449
0.915,-8.10444
0.916,-8.11439
0.917,-8.12434
0.918,-8.13429
0.919,-8.14424
0.92,-8.15419
0.921,-8.16414
0.922,-8.17409
0.923,-8.18403
0.924,-8.19398
0.925,-8.20393
0.926,-8.21388
0.927,-8.22383
0.928,-8.23378
0.929,-8.24373
0.93,-8.25368
0.931,-8.26363
0.932,-8.27358
0.933,-8.28353
0.934,-8.29347
0.935,-8.30342
0.936,-8.31337
0.937,-8.32332
0.938,-8.33327
0.939,-8.34322
0.94,-8.35317
0.941,-8.36312
0.942,-8.37307
0.943,-8.38302
0.944,-8.39297
0.945,-8.40292
0.946,-8.41287
0.947,-8.42282
0.948,-8.43276
0.949,-8.44271
0.95,-8.45266
0.951,-8.46261
0.952,-8.47256
0.953,-8.48251
0.954,-8.49246
0.955,-8.50241
0.956,-8.51236
0.957,-8.52231
0.958,-8.53226
0.959,-8.54221
0.96,-8.55216
0.961,-8.56211
0.962,-8.57206
0.963,-8.58201
0.964,-8.59195
0.965,-8.6019
0.966,-8.61185
0.967,-8.6218
0.968,-8.63175
0.969,-8.6417
0.97,-8.65165
0.971,-8.6616
0.972,-8.67155
0.973,-8.6815
0.974,-8.69145
0.975,-8.7014
0.976,-8.71135
0.977,-8.7213
0.978,-8.73125
0.979,-8.7412
0.98,-8.75115
0.981,-8.7611
0.982,-8.77105
0.983,-8.781
0.984,-8.79094
0.985,-8.80089
0.986,-8.81084
0.987,-8.82079
0.988,-8.83074
0.989,-8.84069
0.99,-8.85064
0.991,-8.86059
0.992,-8.87054
0.993,-8.88049
0.994,-8.89044
0.995,-8.90039
0.996,-8.91034
0.997,-8.92029
0.998,-8.93024
0.999,-8.94019
