X,u,1000
0.0000000000,0.0000000000
0.0010000000,0.0089502117
0.0020000000,0.0178014175
0.0030000000,0.0265546027
0.0040000000,0.0352107424
0.0050000000,0.0437708025
0.0060000000,0.0522357388
0.0070000000,0.0606064979
0.0080000000,0.0688840168
0.0090000000,0.0770692233
0.0100000000,0.0851630360
0.0110000000,0.0931663641
0.0120000000,0.1010801081
0.0130000000,0.1089051593
0.0140000000,0.1166424002
0.0150000000,0.1242927046
0.0160000000,0.1318569374
0.0170000000,0.1393359552
0.0180000000,0.1467306058
0.0190000000,0.1540417287
0.0200000000,0.1612701549
0.0210000000,0.1684167074
0.0220000000,0.1754822008
0.0230000000,0.1824674417
0.0240000000,0.1893732285
0.0250000000,0.1962003519
0.0260000000,0.2029495946
0.0270000000,0.2096217315
0.0280000000,0.2162175297
0.0290000000,0.2227377490
0.0300000000,0.2291831413
0.0310000000,0.2355544512
0.0320000000,0.2418524157
0.0330000000,0.2480777648
0.0340000000,0.2542312208
0.0350000000,0.2603134993
0.0360000000,0.2663253083
0.0370000000,0.2722673492
0.0380000000,0.2781403160
0.0390000000,0.2839448961
0.0400000000,0.2896817700
0.0410000000,0.2953516113
0.0420000000,0.3009550870
0.0430000000,0.3064928575
0.0440000000,0.3119655765
0.0450000000,0.3173738914
0.0460000000,0.3227184429
0.0470000000,0.3279998655
0.0480000000,0.3332187874
0.0490000000,0.3383758304
0.0500000000,0.3434716103
0.0510000000,0.3485067366
0.0520000000,0.3534818128
0.0530000000,0.3583974365
0.0540000000,0.3632541992
0.0550000000,0.3680526866
0.0560000000,0.3727934785
0.0570000000,0.3774771491
0.0580000000,0.3821042666
0.0590000000,0.3866753939
0.0600000000,0.3911910879
0.0610000000,0.3956519003
0.0620000000,0.4000583772
0.0630000000,0.4044110592
0.0640000000,0.4087104816
0.0650000000,0.4129571742
0.0660000000,0.4171516619
0.0670000000,0.4212944640
0.0680000000,0.4253860948
0.0690000000,0.4294270635
0.0700000000,0.4334178742
0.0710000000,0.4373590259
0.0720000000,0.4412510128
0.0730000000,0.4450943241
0.0740000000,0.4488894441
0.0750000000,0.4526368523
0.0760000000,0.4563370234
0.0770000000,0.4599904275
0.0780000000,0.4635975299
0.0790000000,0.4671587913
0.0800000000,0.4706746679
0.0810000000,0.4741456112
0.0820000000,0.4775720683
0.0830000000,0.4809544819
0.0840000000,0.4842932902
0.0850000000,0.4875889270
0.0860000000,0.4908418221
0.0870000000,0.4940524005
0.0880000000,0.4972210835
0.0890000000,0.5003482878
0.0900000000,0.5034344263
0.0910000000,0.5064799074
0.0920000000,0.5094851357
0.0930000000,0.5124505118
0.0940000000,0.5153764322
0.0950000000,0.5182632895
0.0960000000,0.5211114724
0.0970000000,0.5239213657
0.0980000000,0.5266933503
0.0990000000,0.5294278036
0.1000000000,0.5321250988
0.1010000000,0.5347856058
0.1020000000,0.5374096906
0.1030000000,0.5399977156
0.1040000000,0.5425500396
0.1050000000,0.5450670179
0.1060000000,0.5475490021
0.1070000000,0.5499963404
0.1080000000,0.5524093775
0.1090000000,0.5547884549
0.1100000000,0.5571339103
0.1110000000,0.5594460783
0.1120000000,0.5617252902
0.1130000000,0.5639718738
0.1140000000,0.5661861538
0.1150000000,0.5683684516
0.1160000000,0.5705190855
0.1170000000,0.5726383705
0.1180000000,0.5747266186
0.1190000000,0.5767841385
0.1200000000,0.5788112361
0.1210000000,0.5808082140
0.1220000000,0.5827753719
0.1230000000,0.5847130065
0.1240000000,0.5866214117
0.1250000000,0.5885008781
0.1260000000,0.5903516939
0.1270000000,0.5921741440
0.1280000000,0.5939685107
0.1290000000,0.5957350735
0.1300000000,0.5974741090
0.1310000000,0.5991858910
0.1320000000,0.6008706908
0.1330000000,0.6025287769
0.1340000000,0.6041604150
0.1350000000,0.6057658683
0.1360000000,0.6073453974
0.1370000000,0.6088992602
0.1380000000,0.6104277121
0.1390000000,0.6119310060
0.1400000000,0.6134093920
0.1410000000,0.6148631182
0.1420000000,0.6162924299
0.1430000000,0.6176975699
0.1440000000,0.6190787789
0.1450000000,0.6204362949
0.1460000000,0.6217703537
0.1470000000,0.6230811886
0.1480000000,0.6243690308
0.1490000000,0.6256341091
0.1500000000,0.6268766498
0.1510000000,0.6280968774
0.1520000000,0.6292950138
0.1530000000,0.6304712789
0.1540000000,0.6316258902
0.1550000000,0.6327590632
0.1560000000,0.6338710112
0.1570000000,0.6349619454
0.1580000000,0.6360320750
0.1590000000,0.6370816069
0.1600000000,0.6381107460
0.1610000000,0.6391196953
0.1620000000,0.6401086557
0.1630000000,0.6410778261
0.1640000000,0.6420274033
0.1650000000,0.6429575824
0.1660000000,0.6438685563
0.1670000000,0.6447605161
0.1680000000,0.6456336511
0.1690000000,0.6464881486
0.1700000000,0.6473241939
0.1710000000,0.6481419708
0.1720000000,0.6489416609
0.1730000000,0.6497234442
0.1740000000,0.6504874990
0.1750000000,0.6512340015
0.1760000000,0.6519631266
0.1770000000,0.6526750470
0.1780000000,0.6533699339
0.1790000000,0.6540479569
0.1800000000,0.6547092838
0.1810000000,0.6553540806
0.1820000000,0.6559825119
0.1830000000,0.6565947404
0.1840000000,0.6571909275
0.1850000000,0.6577712327
0.1860000000,0.6583358140
0.1870000000,0.6588848280
0.1880000000,0.6594184294
0.1890000000,0.6599367718
0.1900000000,0.6604400068
0.1910000000,0.6609282848
0.1920000000,0.6614017547
0.1930000000,0.6618605637
0.1940000000,0.6623048578
0.1950000000,0.6627347814
0.1960000000,0.6631504775
0.1970000000,0.6635520876
0.1980000000,0.6639397519
0.1990000000,0.6643136091
0.2000000000,0.6646737967
0.2010000000,0.6650204507
0.2020000000,0.6653537057
0.2030000000,0.6656736950
0.2040000000,0.6659805507
0.2050000000,0.6662744034
0.2060000000,0.6665553825
0.2070000000,0.6668236161
0.2080000000,0.6670792310
0.2090000000,0.6673223528
0.2100000000,0.6675531057
0.2110000000,0.6677716130
0.2120000000,0.6679779963
0.2130000000,0.6681723763
0.2140000000,0.6683548726
0.2150000000,0.6685256032
0.2160000000,0.6686846853
0.2170000000,0.6688322349
0.2180000000,0.6689683665
0.2190000000,0.6690931940
0.2200000000,0.6692068296
0.2210000000,0.6693093849
0.2220000000,0.6694009700
0.2230000000,0.6694816940
0.2240000000,0.6695516652
0.2250000000,0.6696109904
0.2260000000,0.6696597756
0.2270000000,0.6696981257
0.2280000000,0.6697261445
0.2290000000,0.6697439347
0.2300000000,0.6697515983
0.2310000000,0.6697492358
0.2320000000,0.6697369472
0.2330000000,0.6697148311
0.2340000000,0.6696829854
0.2350000000,0.6696415068
0.2360000000,0.6695904912
0.2370000000,0.6695300335
0.2380000000,0.6694602277
0.2390000000,0.6693811667
0.2400000000,0.6692929427
0.2410000000,0.6691956468
0.2420000000,0.6690893693
0.2430000000,0.6689741996
0.2440000000,0.6688502261
0.2450000000,0.6687175365
0.2460000000,0.6685762174
0.2470000000,0.6684263548
0.2480000000,0.6682680336
0.2490000000,0.6681013380
0.2500000000,0.6679263514
0.2510000000,0.6677431561
0.2520000000,0.6675518340
0.2530000000,0.6673524659
0.2540000000,0.6671451318
0.2550000000,0.6669299110
0.2560000000,0.6667068819
0.2570000000,0.6664761224
0.2580000000,0.6662377092
0.2590000000,0.6659917185
0.2600000000,0.6657382258
0.2610000000,0.6654773056
0.2620000000,0.6652090320
0.2630000000,0.6649334779
0.2640000000,0.6646507160
0.2650000000,0.6643608179
0.2660000000,0.6640638546
0.2670000000,0.6637598965
0.2680000000,0.6634490130
0.2690000000,0.6631312732
0.2700000000,0.6628067452
0.2710000000,0.6624754967
0.2720000000,0.6621375944
0.2730000000,0.6617931045
0.2740000000,0.6614420927
0.2750000000,0.6610846238
0.2760000000,0.6607207620
0.2770000000,0.6603505710
0.2780000000,0.6599741138
0.2790000000,0.6595914527
0.2800000000,0.6592026494
0.2810000000,0.6588077650
0.2820000000,0.6584068601
0.2830000000,0.6579999945
0.2840000000,0.6575872276
0.2850000000,0.6571686181
0.2860000000,0.6567442241
0.2870000000,0.6563141032
0.2880000000,0.6558783123
0.2890000000,0.6554369080
0.2900000000,0.6549899459
0.2910000000,0.6545374815
0.2920000000,0.6540795695
0.2930000000,0.6536162640
0.2940000000,0.6531476188
0.2950000000,0.6526736870
0.2960000000,0.6521945212
0.2970000000,0.6517101734
0.2980000000,0.6512206953
0.2990000000,0.6507261379
0.3000000000,0.6502265516
0.3010000000,0.6497219866
0.3020000000,0.6492124924
0.3030000000,0.6486981181
0.3040000000,0.6481789121
0.3050000000,0.6476549226
0.3060000000,0.6471261972
0.3070000000,0.6465927829
0.3080000000,0.6460547265
0.3090000000,0.6455120742
0.3100000000,0.6449648716
0.3110000000,0.6444131640
0.3120000000,0.6438569964
0.3130000000,0.6432964129
0.3140000000,0.6427314577
0.3150000000,0.6421621741
0.3160000000,0.6415886053
0.3170000000,0.6410107939
0.3180000000,0.6404287821
0.3190000000,0.6398426116
0.3200000000,0.6392523240
0.3210000000,0.6386579601
0.3220000000,0.6380595605
0.3230000000,0.6374571654
0.3240000000,0.6368508145
0.3250000000,0.6362405471
0.3260000000,0.6356264024
0.3270000000,0.6350084187
0.3280000000,0.6343866344
0.3290000000,0.6337610872
0.3300000000,0.6331318146
0.3310000000,0.6324988536
0.3320000000,0.6318622410
0.3330000000,0.6312220131
0.3340000000,0.6305782059
0.3350000000,0.6299308549
0.3360000000,0.6292799954
0.3370000000,0.6286256624
0.3380000000,0.6279678904
0.3390000000,0.6273067137
0.3400000000,0.6266421660
0.3410000000,0.6259742810
0.3420000000,0.6253030918
0.3430000000,0.6246286314
0.3440000000,0.6239509322
0.3450000000,0.6232700266
0.3460000000,0.6225859464
0.3470000000,0.6218987231
0.3480000000,0.6212083881
0.3490000000,0.6205149724
0.3500000000,0.6198185066
0.3510000000,0.6191190209
0.3520000000,0.6184165456
0.3530000000,0.6177111103
0.3540000000,0.6170027445
0.3550000000,0.6162914773
0.3560000000,0.6155773377
0.3570000000,0.6148603541
0.3580000000,0.6141405549
0.3590000000,0.6134179682
0.3600000000,0.6126926215
0.3610000000,0.6119645425
0.3620000000,0.6112337583
0.3630000000,0.6105002958
0.3640000000,0.6097641816
0.3650000000,0.6090254422
0.3660000000,0.6082841036
0.3670000000,0.6075401918
0.3680000000,0.6067937323
0.3690000000,0.6060447505
0.3700000000,0.6052932715
0.3710000000,0.6045393201
0.3720000000,0.6037829209
0.3730000000,0.6030240983
0.3740000000,0.6022628764
0.3750000000,0.6014992791
0.3760000000,0.6007333300
0.3770000000,0.5999650525
0.3780000000,0.5991944697
0.3790000000,0.5984216047
0.3800000000,0.5976464801
0.3810000000,0.5968691184
0.3820000000,0.5960895419
0.3830000000,0.5953077725
0.3840000000,0.5945238322
0.3850000000,0.5937377425
0.3860000000,0.5929495248
0.3870000000,0.5921592003
0.3880000000,0.5913667900
0.3890000000,0.5905723145
0.3900000000,0.5897757945
0.3910000000,0.5889772503
0.3920000000,0.5881767020
0.3930000000,0.5873741696
0.3940000000,0.5865696728
0.3950000000,0.5857632312
0.3960000000,0.5849548641
0.3970000000,0.5841445906
0.3980000000,0.5833324298
0.3990000000,0.5825184005
0.4000000000,0.5817025211
0.4010000000,0.5808848101
0.4020000000,0.5800652858
0.4030000000,0.5792439662
0.4040000000,0.5784208692
0.4050000000,0.5775960123
0.4060000000,0.5767694133
0.4070000000,0.5759410893
0.4080000000,0.5751110575
0.4090000000,0.5742793350
0.4100000000,0.5734459386
0.4110000000,0.5726108848
0.4120000000,0.5717741903
0.4130000000,0.5709358713
0.4140000000,0.5700959441
0.4150000000,0.5692544245
0.4160000000,0.5684113285
0.4170000000,0.5675666716
0.4180000000,0.5667204696
0.4190000000,0.5658727377
0.4200000000,0.5650234912
0.4210000000,0.5641727450
0.4220000000,0.5633205143
0.4230000000,0.5624668136
0.4240000000,0.5616116577
0.4250000000,0.5607550611
0.4260000000,0.5598970380
0.4270000000,0.5590376026
0.4280000000,0.5581767691
0.4290000000,0.5573145513
0.4300000000,0.5564509630
0.4310000000,0.5555860178
0.4320000000,0.5547197292
0.4330000000,0.5538521107
0.4340000000,0.5529831754
0.4350000000,0.5521129364
0.4360000000,0.5512414067
0.4370000000,0.5503685992
0.4380000000,0.5494945265
0.4390000000,0.5486192013
0.4400000000,0.5477426361
0.4410000000,0.5468648430
0.4420000000,0.5459858345
0.4430000000,0.5451056225
0.4440000000,0.5442242190
0.4450000000,0.5433416360
0.4460000000,0.5424578851
0.4470000000,0.5415729779
0.4480000000,0.5406869260
0.4490000000,0.5397997408
0.4500000000,0.5389114334
0.4510000000,0.5380220152
0.4520000000,0.5371314971
0.4530000000,0.5362398901
0.4540000000,0.5353472050
0.4550000000,0.5344534526
0.4560000000,0.5335586434
0.4570000000,0.5326627881
0.4580000000,0.5317658969
0.4590000000,0.5308679802
0.4600000000,0.5299690482
0.4610000000,0.5290691111
0.4620000000,0.5281681787
0.4630000000,0.5272662611
0.4640000000,0.5263633679
0.4650000000,0.5254595090
0.4660000000,0.5245546940
0.4670000000,0.5236489322
0.4680000000,0.5227422333
0.4690000000,0.5218346064
0.4700000000,0.5209260609
0.4710000000,0.5200166058
0.4720000000,0.5191062502
0.4730000000,0.5181950031
0.4740000000,0.5172828734
0.4750000000,0.5163698698
0.4760000000,0.5154560010
0.4770000000,0.5145412756
0.4780000000,0.5136257022
0.4790000000,0.5127092892
0.4800000000,0.5117920449
0.4810000000,0.5108739777
0.4820000000,0.5099550956
0.4830000000,0.5090354069
0.4840000000,0.5081149195
0.4850000000,0.5071936414
0.4860000000,0.5062715805
0.4870000000,0.5053487445
0.4880000000,0.5044251411
0.4890000000,0.5035007781
0.4900000000,0.5025756629
0.4910000000,0.5016498030
0.4920000000,0.5007232059
0.4930000000,0.4997958789
0.4940000000,0.4988678292
0.4950000000,0.4979390640
0.4960000000,0.4970095905
0.4970000000,0.4960794157
0.4980000000,0.4951485466
0.4990000000,0.4942169901
0.5000000000,0.4932847530
0.5010000000,0.4923518421
0.5020000000,0.4914182641
0.5030000000,0.4904840256
0.5040000000,0.4895491332
0.5050000000,0.4886135935
0.5060000000,0.4876774129
0.5070000000,0.4867405976
0.5080000000,0.4858031541
0.5090000000,0.4848650887
0.5100000000,0.4839264074
0.5110000000,0.4829871164
0.5120000000,0.4820472219
0.5130000000,0.4811067297
0.5140000000,0.4801656459
0.5150000000,0.4792239762
0.5160000000,0.4782817267
0.5170000000,0.4773389029
0.5180000000,0.4763955107
0.5190000000,0.4754515557
0.5200000000,0.4745070435
0.5210000000,0.4735619797
0.5220000000,0.4726163696
0.5230000000,0.4716702189
0.5240000000,0.4707235327
0.5250000000,0.4697763166
0.5260000000,0.4688285756
0.5270000000,0.4678803152
0.5280000000,0.4669315404
0.5290000000,0.4659822563
0.5300000000,0.4650324681
0.5310000000,0.4640821806
0.5320000000,0.4631313990
0.5330000000,0.4621801282
0.5340000000,0.4612283729
0.5350000000,0.4602761380
0.5360000000,0.4593234283
0.5370000000,0.4583702485
0.5380000000,0.4574166032
0.5390000000,0.4564624972
0.5400000000,0.4555079350
0.5410000000,0.4545529212
0.5420000000,0.4535974601
0.5430000000,0.4526415564
0.5440000000,0.4516852143
0.5450000000,0.4507284383
0.5460000000,0.4497712326
0.5470000000,0.4488136016
0.5480000000,0.4478555495
0.5490000000,0.4468970804
0.5500000000,0.4459381985
0.5510000000,0.4449789080
0.5520000000,0.4440192128
0.5530000000,0.4430591171
0.5540000000,0.4420986247
0.5550000000,0.4411377397
0.5560000000,0.4401764660
0.5570000000,0.4392148073
0.5580000000,0.4382527676
0.5590000000,0.4372903507
0.5600000000,0.4363275602
0.5610000000,0.4353644000
0.5620000000,0.4344008737
0.5630000000,0.4334369848
0.5640000000,0.4324727372
0.5650000000,0.4315081342
0.5660000000,0.4305431795
0.5670000000,0.4295778765
0.5680000000,0.4286122287
0.5690000000,0.4276462396
0.5700000000,0.4266799125
0.5710000000,0.4257132508
0.5720000000,0.4247462579
0.5730000000,0.4237789369
0.5740000000,0.4228112913
0.5750000000,0.4218433242
0.5760000000,0.4208750388
0.5770000000,0.4199064382
0.5780000000,0.4189375258
0.5790000000,0.4179683044
0.5800000000,0.4169987772
0.5810000000,0.4160289473
0.5820000000,0.4150588176
0.5830000000,0.4140883912
0.5840000000,0.4131176709
0.5850000000,0.4121466598
0.5860000000,0.4111753607
0.5870000000,0.4102037764
0.5880000000,0.4092319099
0.5890000000,0.4082597639
0.5900000000,0.4072873411
0.5910000000,0.4063146445
0.5920000000,0.4053416766
0.5930000000,0.4043684402
0.5940000000,0.4033949379
0.5950000000,0.4024211724
0.5960000000,0.4014471464
0.5970000000,0.4004728623
0.5980000000,0.3994983229
0.5990000000,0.3985235305
0.6000000000,0.3975484878
0.6010000000,0.3965731972
0.6020000000,0.3955976612
0.6030000000,0.3946218822
0.6040000000,0.3936458626
0.6050000000,0.3926696050
0.6060000000,0.3916931115
0.6070000000,0.3907163845
0.6080000000,0.3897394265
0.6090000000,0.3887622396
0.6100000000,0.3877848262
0.6110000000,0.3868071885
0.6120000000,0.3858293288
0.6130000000,0.3848512492
0.6140000000,0.3838729519
0.6150000000,0.3828944392
0.6160000000,0.3819157131
0.6170000000,0.3809367758
0.6180000000,0.3799576293
0.6190000000,0.3789782758
0.6200000000,0.3779987173
0.6210000000,0.3770189559
0.6220000000,0.3760389935
0.6230000000,0.3750588323
0.6240000000,0.3740784740
0.6250000000,0.3730979208
0.6260000000,0.3721171746
0.6270000000,0.3711362372
0.6280000000,0.3701551106
0.6290000000,0.3691737966
0.6300000000,0.3681922972
0.6310000000,0.3672106141
0.6320000000,0.3662287492
0.6330000000,0.3652467044
0.6340000000,0.3642644813
0.6350000000,0.3632820818
0.6360000000,0.3622995076
0.6370000000,0.3613167605
0.6380000000,0.3603338422
0.6390000000,0.3593507544
0.6400000000,0.3583674987
0.6410000000,0.3573840769
0.6420000000,0.3564004905
0.6430000000,0.3554167413
0.6440000000,0.3544328309
0.6450000000,0.3534487608
0.6460000000,0.3524645326
0.6470000000,0.3514801480
0.6480000000,0.3504956085
0.6490000000,0.3495109155
0.6500000000,0.3485260708
0.6510000000,0.3475410756
0.6520000000,0.3465559317
0.6530000000,0.3455706403
0.6540000000,0.3445852031
0.6550000000,0.3435996214
0.6560000000,0.3426138966
0.6570000000,0.3416280303
0.6580000000,0.3406420239
0.6590000000,0.3396558786
0.6600000000,0.3386695959
0.6610000000,0.3376831772
0.6620000000,0.3366966238
0.6630000000,0.3357099371
0.6640000000,0.3347231183
0.6650000000,0.3337361688
0.6660000000,0.3327490900
0.6670000000,0.3317618830
0.6680000000,0.3307745492
0.6690000000,0.3297870898
0.6700000000,0.3287995061
0.6710000000,0.3278117992
0.6720000000,0.3268239705
0.6730000000,0.3258360212
0.6740000000,0.3248479524
0.6750000000,0.3238597653
0.6760000000,0.3228714612
0.6770000000,0.3218830411
0.6780000000,0.3208945063
0.6790000000,0.3199058578
0.6800000000,0.3189170968
0.6810000000,0.3179282245
0.6820000000,0.3169392418
0.6830000000,0.3159501500
0.6840000000,0.3149609502
0.6850000000,0.3139716433
0.6860000000,0.3129822304
0.6870000000,0.3119927127
0.6880000000,0.3110030911
0.6890000000,0.3100133667
0.6900000000,0.3090235405
0.6910000000,0.3080336136
0.6920000000,0.3070435868
0.6930000000,0.3060534613
0.6940000000,0.3050632380
0.6950000000,0.3040729178
0.6960000000,0.3030825018
0.6970000000,0.3020919908
0.6980000000,0.3011013859
0.6990000000,0.3001106880
0.7000000000,0.2991198980
0.7010000000,0.2981290168
0.7020000000,0.2971380453
0.7030000000,0.2961469844
0.7040000000,0.2951558350
0.7050000000,0.2941645980
0.7060000000,0.2931732743
0.7070000000,0.2921818646
0.7080000000,0.2911903700
0.7090000000,0.2901987912
0.7100000000,0.2892071290
0.7110000000,0.2882153844
0.7120000000,0.2872235580
0.7130000000,0.2862316508
0.7140000000,0.2852396635
0.7150000000,0.2842475969
0.7160000000,0.2832554518
0.7170000000,0.2822632290
0.7180000000,0.2812709293
0.7190000000,0.2802785534
0.7200000000,0.2792861021
0.7210000000,0.2782935762
0.7220000000,0.2773009763
0.7230000000,0.2763083033
0.7240000000,0.2753155578
0.7250000000,0.2743227406
0.7260000000,0.2733298523
0.7270000000,0.2723368938
0.7280000000,0.2713438656
0.7290000000,0.2703507685
0.7300000000,0.2693576032
0.7310000000,0.2683643703
0.7320000000,0.2673710705
0.7330000000,0.2663777046
0.7340000000,0.2653842730
0.7350000000,0.2643907766
0.7360000000,0.2633972159
0.7370000000,0.2624035916
0.7380000000,0.2614099043
0.7390000000,0.2604161546
0.7400000000,0.2594223432
0.7410000000,0.2584284707
0.7420000000,0.2574345376
0.7430000000,0.2564405446
0.7440000000,0.2554464924
0.7450000000,0.2544523813
0.7460000000,0.2534582122
0.7470000000,0.2524639855
0.7480000000,0.2514697017
0.7490000000,0.2504753616
0.7500000000,0.2494809656
0.7510000000,0.2484865143
0.7520000000,0.2474920082
0.7530000000,0.2464974479
0.7540000000,0.2455028339
0.7550000000,0.2445081668
0.7560000000,0.2435134471
0.7570000000,0.2425186753
0.7580000000,0.2415238519
0.7590000000,0.2405289775
0.7600000000,0.2395340525
0.7610000000,0.2385390775
0.7620000000,0.2375440529
0.7630000000,0.2365489793
0.7640000000,0.2355538571
0.7650000000,0.2345586868
0.7660000000,0.2335634689
0.7670000000,0.2325682039
0.7680000000,0.2315728922
0.7690000000,0.2305775344
0.7700000000,0.2295821308
0.7710000000,0.2285866819
0.7720000000,0.2275911881
0.7730000000,0.2265956500
0.7740000000,0.2256000680
0.7750000000,0.2246044424
0.7760000000,0.2236087738
0.7770000000,0.2226130625
0.7780000000,0.2216173090
0.7790000000,0.2206215137
0.7800000000,0.2196256770
0.7810000000,0.2186297993
0.7820000000,0.2176338811
0.7830000000,0.2166379227
0.7840000000,0.2156419245
0.7850000000,0.2146458870
0.7860000000,0.2136498105
0.7870000000,0.2126536954
0.7880000000,0.2116575421
0.7890000000,0.2106613510
0.7900000000,0.2096651224
0.7910000000,0.2086688568
0.7920000000,0.2076725544
0.7930000000,0.2066762157
0.7940000000,0.2056798411
0.7950000000,0.2046834308
0.7960000000,0.2036869852
0.7970000000,0.2026905048
0.7980000000,0.2016939897
0.7990000000,0.2006974405
0.8000000000,0.1997008573
0.8010000000,0.1987042406
0.8020000000,0.1977075907
0.8030000000,0.1967109079
0.8040000000,0.1957141926
0.8050000000,0.1947174450
0.8060000000,0.1937206655
0.8070000000,0.1927238545
0.8080000000,0.1917270121
0.8090000000,0.1907301388
0.8100000000,0.1897332348
0.8110000000,0.1887363005
0.8120000000,0.1877393361
0.8130000000,0.1867423419
0.8140000000,0.1857453183
0.8150000000,0.1847482656
0.8160000000,0.1837511839
0.8170000000,0.1827540737
0.8180000000,0.1817569352
0.8190000000,0.1807597687
0.8200000000,0.1797625744
0.8210000000,0.1787653526
0.8220000000,0.1777681037
0.8230000000,0.1767708278
0.8240000000,0.1757735253
0.8250000000,0.1747761964
0.8260000000,0.1737788414
0.8270000000,0.1727814605
0.8280000000,0.1717840539
0.8290000000,0.1707866221
0.8300000000,0.1697891651
0.8310000000,0.1687916833
0.8320000000,0.1677941769
0.8330000000,0.1667966461
0.8340000000,0.1657990912
0.8350000000,0.1648015124
0.8360000000,0.1638039100
0.8370000000,0.1628062842
0.8380000000,0.1618086352
0.8390000000,0.1608109633
0.8400000000,0.1598132686
0.8410000000,0.1588155515
0.8420000000,0.1578178121
0.8430000000,0.1568200507
0.8440000000,0.1558222674
0.8450000000,0.1548244625
0.8460000000,0.1538266363
0.8470000000,0.1528287888
0.8480000000,0.1518309204
0.8490000000,0.1508330313
0.8500000000,0.1498351216
0.8510000000,0.1488371915
0.8520000000,0.1478392413
0.8530000000,0.1468412712
0.8540000000,0.1458432813
0.8550000000,0.1448452718
0.8560000000,0.1438472430
0.8570000000,0.1428491951
0.8580000000,0.1418511282
0.8590000000,0.1408530425
0.8600000000,0.1398549381
0.8610000000,0.1388568154
0.8620000000,0.1378586745
0.8630000000,0.1368605155
0.8640000000,0.1358623386
0.8650000000,0.1348641441
0.8660000000,0.1338659320
0.8670000000,0.1328677026
0.8680000000,0.1318694561
0.8690000000,0.1308711925
0.8700000000,0.1298729121
0.8710000000,0.1288746151
0.8720000000,0.1278763015
0.8730000000,0.1268779717
0.8740000000,0.1258796257
0.8750000000,0.1248812636
0.8760000000,0.1238828857
0.8770000000,0.1228844922
0.8780000000,0.1218860831
0.8790000000,0.1208876586
0.8800000000,0.1198892189
0.8810000000,0.1188907641
0.8820000000,0.1178922944
0.8830000000,0.1168938099
0.8840000000,0.1158953108
0.8850000000,0.1148967972
0.8860000000,0.1138982693
0.8870000000,0.1128997272
0.8880000000,0.1119011710
0.8890000000,0.1109026009
0.8900000000,0.1099040170
0.8910000000,0.1089054195
0.8920000000,0.1079068085
0.8930000000,0.1069081841
0.8940000000,0.1059095465
0.8950000000,0.1049108958
0.8960000000,0.1039122321
0.8970000000,0.1029135555
0.8980000000,0.1019148663
0.8990000000,0.1009161644
0.9000000000,0.0999174501
0.9010000000,0.0989187235
0.9020000000,0.0979199846
0.9030000000,0.0969212336
0.9040000000,0.0959224707
0.9050000000,0.0949236959
0.9060000000,0.0939249094
0.9070000000,0.0929261112
0.9080000000,0.0919273015
0.9090000000,0.0909284805
0.9100000000,0.0899296481
0.9110000000,0.0889308046
0.9120000000,0.0879319501
0.9130000000,0.0869330846
0.9140000000,0.0859342082
0.9150000000,0.0849353211
0.9160000000,0.0839364234
0.9170000000,0.0829375152
0.9180000000,0.0819385966
0.9190000000,0.0809396677
0.9200000000,0.0799407285
0.9210000000,0.0789417793
0.9220000000,0.0779428200
0.9230000000,0.0769438509
0.9240000000,0.0759448719
0.9250000000,0.0749458833
0.9260000000,0.0739468850
0.9270000000,0.0729478772
0.9280000000,0.0719488600
0.9290000000,0.0709498335
0.9300000000,0.0699507977
0.9310000000,0.0689517528
0.9320000000,0.0679526988
0.9330000000,0.0669536359
0.9340000000,0.0659545641
0.9350000000,0.0649554835
0.9360000000,0.0639563942
0.9370000000,0.0629572963
0.9380000000,0.0619581899
0.9390000000,0.0609590751
0.9400000000,0.0599599519
0.9410000000,0.0589608204
0.9420000000,0.0579616807
0.9430000000,0.0569625329
0.9440000000,0.0559633771
0.9450000000,0.0549642134
0.9460000000,0.0539650417
0.9470000000,0.0529658623
0.9480000000,0.0519666752
0.9490000000,0.0509674804
0.9500000000,0.0499682781
0.9510000000,0.0489690683
0.9520000000,0.0479698511
0.9530000000,0.0469706265
0.9540000000,0.0459713947
0.9550000000,0.0449721557
0.9560000000,0.0439729095
0.9570000000,0.0429736563
0.9580000000,0.0419743962
0.9590000000,0.0409751291
0.9600000000,0.0399758552
0.9610000000,0.0389765745
0.9620000000,0.0379772871
0.9630000000,0.0369779931
0.9640000000,0.0359786925
0.9650000000,0.0349793854
0.9660000000,0.0339800718
0.9670000000,0.0329807519
0.9680000000,0.0319814256
0.9690000000,0.0309820931
0.9700000000,0.0299827544
0.9710000000,0.0289834096
0.9720000000,0.0279840587
0.9730000000,0.0269847018
0.9740000000,0.0259853390
0.9750000000,0.0249859703
0.9760000000,0.0239865957
0.9770000000,0.0229872154
0.9780000000,0.0219878293
0.9790000000,0.0209884376
0.9800000000,0.0199890403
0.9810000000,0.0189896375
0.9820000000,0.0179902291
0.9830000000,0.0169908154
0.9840000000,0.0159913962
0.9850000000,0.0149919717
0.9860000000,0.0139925420
0.9870000000,0.0129931070
0.9880000000,0.0119936669
0.9890000000,0.0109942216
0.9900000000,0.0099947712
0.9910000000,0.0089953159
0.9920000000,0.0079958556
0.9930000000,0.0069963903
0.9940000000,0.0059969202
0.9950000000,0.0049974453
0.9960000000,0.0039979656
0.9970000000,0.0029984812
0.9980000000,0.0019989921
0.9990000000,0.0009994983
